[
{
  "model": "yard_control.automobile",
  "pk": 1,
  "fields": {
    "auto_number": "A001AA77",
    "is_guest": false,
    "owner": 2,
    "expires_at": "2025-10-30T19:33:46Z",
    "created_at": "2025-10-16T19:33:47.911Z"
  }
},
{
  "model": "yard_control.automobile",
  "pk": 2,
  "fields": {
    "auto_number": "A231AA54",
    "is_guest": false,
    "owner": 3,
    "expires_at": "2025-10-31T08:33:30Z",
    "created_at": "2025-10-17T08:33:31.807Z"
  }
},
{
  "model": "yard_control.automobile",
  "pk": 3,
  "fields": {
    "auto_number": "A653SA51",
    "is_guest": false,
    "owner": 4,
    "expires_at": "2025-10-31T08:33:52Z",
    "created_at": "2025-10-17T08:33:53.603Z"
  }
},
{
  "model": "yard_control.automobile",
  "pk": 8,
  "fields": {
    "auto_number": "R394FF44",
    "is_guest": false,
    "owner": 2,
    "expires_at": "2025-11-06T08:51:27.567Z",
    "created_at": "2025-10-23T08:51:27.567Z"
  }
},
{
  "model": "yard_control.automobile",
  "pk": 11,
  "fields": {
    "auto_number": "R394FF43",
    "is_guest": false,
    "owner": 2,
    "expires_at": "2025-11-06T10:32:02.152Z",
    "created_at": "2025-10-23T10:32:02.152Z"
  }
},
{
  "model": "yard_control.automobile",
  "pk": 12,
  "fields": {
    "auto_number": "R394AF43",
    "is_guest": false,
    "owner": 2,
    "expires_at": "2025-11-06T10:46:46.121Z",
    "created_at": "2025-10-23T10:46:46.122Z"
  }
},
{
  "model": "yard_control.automobile",
  "pk": 13,
  "fields": {
    "auto_number": "E943AF43",
    "is_guest": false,
    "owner": 2,
    "expires_at": "2025-11-06T10:51:41.917Z",
    "created_at": "2025-10-23T10:51:41.918Z"
  }
},
{
  "model": "yard_control.automobile",
  "pk": 15,
  "fields": {
    "auto_number": "E943AF77",
    "is_guest": false,
    "owner": 2,
    "expires_at": "2025-11-06T11:13:00.152Z",
    "created_at": "2025-10-23T11:13:00.152Z"
  }
},
{
  "model": "yard_control.automobile",
  "pk": 16,
  "fields": {
    "auto_number": "A001AE77",
    "is_guest": false,
    "owner": 3,
    "expires_at": "2025-11-07T11:13:22.700Z",
    "created_at": "2025-10-24T11:13:22.701Z"
  }
},
{
  "model": "yard_control.automobile",
  "pk": 17,
  "fields": {
    "auto_number": "A765TR78",
    "is_guest": true,
    "owner": null,
    "expires_at": "2025-10-25T15:00:00Z",
    "created_at": "2025-10-24T22:38:19.970Z"
  }
},
{
  "model": "yard_control.automobile",
  "pk": 18,
  "fields": {
    "auto_number": "A765TR789",
    "is_guest": true,
    "owner": null,
    "expires_at": null,
    "created_at": "2025-10-24T22:40:02.814Z"
  }
},
{
  "model": "yard_control.automobile",
  "pk": 19,
  "fields": {
    "auto_number": "A765QQ789",
    "is_guest": true,
    "owner": null,
    "expires_at": null,
    "created_at": "2025-10-24T22:45:14.955Z"
  }
},
{
  "model": "yard_control.automobile",
  "pk": 20,
  "fields": {
    "auto_number": "E332FD77",
    "is_guest": true,
    "owner": null,
    "expires_at": null,
    "created_at": "2025-10-25T08:51:32.377Z"
  }
},
{
  "model": "yard_control.automobile",
  "pk": 21,
  "fields": {
    "auto_number": "A616AA77",
    "is_guest": true,
    "owner": null,
    "expires_at": null,
    "created_at": "2025-10-25T08:51:54.449Z"
  }
},
{
  "model": "yard_control.automobile",
  "pk": 22,
  "fields": {
    "auto_number": "A304KF34",
    "is_guest": true,
    "owner": null,
    "expires_at": null,
    "created_at": "2025-10-25T08:52:06.444Z"
  }
},
{
  "model": "yard_control.automobile",
  "pk": 23,
  "fields": {
    "auto_number": "A204LP34",
    "is_guest": true,
    "owner": null,
    "expires_at": null,
    "created_at": "2025-10-25T08:52:17.274Z"
  }
},
{
  "model": "yard_control.automobile",
  "pk": 24,
  "fields": {
    "auto_number": "A343SA43",
    "is_guest": true,
    "owner": null,
    "expires_at": null,
    "created_at": "2025-10-25T08:52:30.894Z"
  }
},
{
  "model": "yard_control.automobile",
  "pk": 25,
  "fields": {
    "auto_number": "A901GE75",
    "is_guest": true,
    "owner": null,
    "expires_at": null,
    "created_at": "2025-10-25T08:52:46.463Z"
  }
},
{
  "model": "yard_control.automobile",
  "pk": 26,
  "fields": {
    "auto_number": "A555AS22",
    "is_guest": true,
    "owner": null,
    "expires_at": null,
    "created_at": "2025-10-25T11:38:47.824Z"
  }
},
{
  "model": "yard_control.automobile",
  "pk": 27,
  "fields": {
    "auto_number": "Q666WE777",
    "is_guest": true,
    "owner": null,
    "expires_at": null,
    "created_at": "2025-10-25T11:55:20.121Z"
  }
},
{
  "model": "yard_control.automobile",
  "pk": 28,
  "fields": {
    "auto_number": "A343SYY3",
    "is_guest": true,
    "owner": null,
    "expires_at": null,
    "created_at": "2025-10-25T14:39:33.467Z"
  }
},
{
  "model": "yard_control.automobile",
  "pk": 29,
  "fields": {
    "auto_number": "A933EA43",
    "is_guest": false,
    "owner": 2,
    "expires_at": "2025-10-30T08:33:07Z",
    "created_at": "2025-10-27T08:33:10.159Z"
  }
},
{
  "model": "yard_control.automobile",
  "pk": 30,
  "fields": {
    "auto_number": "A952EA43",
    "is_guest": true,
    "owner": null,
    "expires_at": null,
    "created_at": "2025-10-27T08:38:01.675Z"
  }
},
{
  "model": "yard_control.yard",
  "pk": 1,
  "fields": {
    "address": "Новокосинская д. 56",
    "admin": 2,
    "created_at": "2025-10-16T19:34:31.131Z",
    "users": [
      2,
      3,
      4
    ],
    "automobiles": [
      1,
      2,
      11,
      12,
      13,
      15,
      16
    ]
  }
},
{
  "model": "yard_control.yard",
  "pk": 2,
  "fields": {
    "address": "Суздальска д. 32",
    "admin": 4,
    "created_at": "2025-10-17T08:32:18.002Z",
    "users": [
      2,
      3,
      4
    ],
    "automobiles": [
      1,
      3,
      11,
      12,
      13,
      15
    ]
  }
},
{
  "model": "yard_control.yard",
  "pk": 3,
  "fields": {
    "address": "Электрозаводская д. 10",
    "admin": 5,
    "created_at": "2025-10-25T11:17:00.518Z",
    "users": [
      2,
      3,
      5
    ],
    "automobiles": [
      23,
      29,
      30
    ]
  }
},
{
  "model": "yard_control.yard",
  "pk": 4,
  "fields": {
    "address": "Миронова д.15",
    "admin": 6,
    "created_at": "2025-10-25T14:32:41.024Z",
    "users": [],
    "automobiles": []
  }
},
{
  "model": "yard_control.yard",
  "pk": 5,
  "fields": {
    "address": "Вербная д.5",
    "admin": 6,
    "created_at": "2025-10-25T14:33:16.643Z",
    "users": [],
    "automobiles": []
  }
},
{
  "model": "yard_control.confirmautoinyard",
  "pk": 1,
  "fields": {
    "is_confirmed": false,
    "auto": 1,
    "yard": 1,
    "created_at": "2025-11-08T15:24:00.837Z"
  }
},
{
  "model": "yard_control.confirmautoinyard",
  "pk": 2,
  "fields": {
    "is_confirmed": false,
    "auto": 1,
    "yard": 2,
    "created_at": "2025-11-08T15:24:00.864Z"
  }
},
{
  "model": "yard_control.confirmautoinyard",
  "pk": 3,
  "fields": {
    "is_confirmed": false,
    "auto": 2,
    "yard": 1,
    "created_at": "2025-11-08T15:24:00.868Z"
  }
},
{
  "model": "yard_control.confirmautoinyard",
  "pk": 4,
  "fields": {
    "is_confirmed": false,
    "auto": 3,
    "yard": 2,
    "created_at": "2025-11-08T15:24:00.871Z"
  }
},
{
  "model": "yard_control.confirmautoinyard",
  "pk": 5,
  "fields": {
    "is_confirmed": false,
    "auto": 11,
    "yard": 1,
    "created_at": "2025-11-08T15:24:00.875Z"
  }
},
{
  "model": "yard_control.confirmautoinyard",
  "pk": 6,
  "fields": {
    "is_confirmed": false,
    "auto": 11,
    "yard": 2,
    "created_at": "2025-11-08T15:24:00.877Z"
  }
},
{
  "model": "yard_control.confirmautoinyard",
  "pk": 7,
  "fields": {
    "is_confirmed": false,
    "auto": 12,
    "yard": 1,
    "created_at": "2025-11-08T15:24:00.881Z"
  }
},
{
  "model": "yard_control.confirmautoinyard",
  "pk": 8,
  "fields": {
    "is_confirmed": false,
    "auto": 12,
    "yard": 2,
    "created_at": "2025-11-08T15:24:00.883Z"
  }
},
{
  "model": "yard_control.confirmautoinyard",
  "pk": 9,
  "fields": {
    "is_confirmed": false,
    "auto": 13,
    "yard": 1,
    "created_at": "2025-11-08T15:24:00.887Z"
  }
},
{
  "model": "yard_control.confirmautoinyard",
  "pk": 10,
  "fields": {
    "is_confirmed": false,
    "auto": 13,
    "yard": 2,
    "created_at": "2025-11-08T15:24:00.889Z"
  }
},
{
  "model": "yard_control.confirmautoinyard",
  "pk": 11,
  "fields": {
    "is_confirmed": false,
    "auto": 15,
    "yard": 1,
    "created_at": "2025-11-08T15:24:00.892Z"
  }
},
{
  "model": "yard_control.confirmautoinyard",
  "pk": 12,
  "fields": {
    "is_confirmed": false,
    "auto": 15,
    "yard": 2,
    "created_at": "2025-11-08T15:24:00.894Z"
  }
},
{
  "model": "yard_control.confirmautoinyard",
  "pk": 13,
  "fields": {
    "is_confirmed": false,
    "auto": 16,
    "yard": 1,
    "created_at": "2025-11-08T15:24:00.897Z"
  }
},
{
  "model": "yard_control.confirmautoinyard",
  "pk": 14,
  "fields": {
    "is_confirmed": false,
    "auto": 29,
    "yard": 3,
    "created_at": "2025-11-08T15:24:00.907Z"
  }
},
{
  "model": "yard_control.blacklist",
  "pk": 1,
  "fields": {
    "auto_number": "A001AA77",
    "yard": 2,
    "created_at": "2025-10-25T17:10:34.805Z"
  }
},
{
  "model": "yard_control.blacklist",
  "pk": 2,
  "fields": {
    "auto_number": "A001AA77",
    "yard": 1,
    "created_at": "2025-10-25T17:23:54.845Z"
  }
},
{
  "model": "yard_control.entryhistory",
  "pk": 1,
  "fields": {
    "yard": 1,
    "auto_number": "A001AA77",
    "created_at": "2025-10-16T19:38:33.200Z"
  }
},
{
  "model": "yard_control.entryhistory",
  "pk": 2,
  "fields": {
    "yard": 1,
    "auto_number": "A765TR789",
    "created_at": "2025-10-24T22:44:03.687Z"
  }
},
{
  "model": "yard_control.entryhistory",
  "pk": 3,
  "fields": {
    "yard": 1,
    "auto_number": "A765QQ789",
    "created_at": "2025-10-24T22:45:49.538Z"
  }
},
{
  "model": "yard_control.entryhistory",
  "pk": 4,
  "fields": {
    "yard": 1,
    "auto_number": "A765QQ789",
    "created_at": "2025-10-24T22:46:31.393Z"
  }
},
{
  "model": "yard_control.entryhistory",
  "pk": 5,
  "fields": {
    "yard": 1,
    "auto_number": "A765TR789",
    "created_at": "2025-10-25T08:45:43.142Z"
  }
},
{
  "model": "yard_control.entryhistory",
  "pk": 6,
  "fields": {
    "yard": 2,
    "auto_number": "A555AS22",
    "created_at": "2025-10-25T13:25:02.356Z"
  }
},
{
  "model": "yard_control.entryhistory",
  "pk": 7,
  "fields": {
    "yard": 3,
    "auto_number": "Q666WE777",
    "created_at": "2025-10-25T13:28:47.008Z"
  }
},
{
  "model": "yard_control.entryhistory",
  "pk": 8,
  "fields": {
    "yard": 5,
    "auto_number": "A343SYY3",
    "created_at": "2025-10-26T10:46:38.771Z"
  }
},
{
  "model": "yard_control.entryhistory",
  "pk": 9,
  "fields": {
    "yard": 5,
    "auto_number": "A343SYY3",
    "created_at": "2025-10-26T10:47:35.745Z"
  }
},
{
  "model": "yard_control.entryhistory",
  "pk": 10,
  "fields": {
    "yard": 3,
    "auto_number": "Q666WE777",
    "created_at": "2025-10-26T11:51:29.780Z"
  }
},
{
  "model": "yard_control.outhistory",
  "pk": 1,
  "fields": {
    "yard": 1,
    "auto_number": "A001AA77",
    "created_at": "2025-10-16T19:38:18.342Z"
  }
},
{
  "model": "yard_control.outhistory",
  "pk": 2,
  "fields": {
    "yard": 1,
    "auto_number": "A001AA77",
    "created_at": "2025-10-20T09:59:07.350Z"
  }
},
{
  "model": "yard_control.outhistory",
  "pk": 3,
  "fields": {
    "yard": 1,
    "auto_number": "A001AA77",
    "created_at": "2025-10-20T09:59:43.398Z"
  }
},
{
  "model": "yard_control.outhistory",
  "pk": 4,
  "fields": {
    "yard": 1,
    "auto_number": "A001AA77",
    "created_at": "2025-10-20T10:08:36.444Z"
  }
},
{
  "model": "yard_control.outhistory",
  "pk": 5,
  "fields": {
    "yard": 1,
    "auto_number": "A001AA77",
    "created_at": "2025-10-20T18:17:55.294Z"
  }
},
{
  "model": "yard_control.outhistory",
  "pk": 6,
  "fields": {
    "yard": 1,
    "auto_number": "A765QQ789",
    "created_at": "2025-10-24T22:46:43.895Z"
  }
},
{
  "model": "yard_control.outhistory",
  "pk": 7,
  "fields": {
    "yard": 1,
    "auto_number": "A765TR789",
    "created_at": "2025-10-25T08:48:12.178Z"
  }
},
{
  "model": "yard_control.outhistory",
  "pk": 8,
  "fields": {
    "yard": 2,
    "auto_number": "A555AS22",
    "created_at": "2025-10-25T13:24:20.636Z"
  }
},
{
  "model": "yard_control.outhistory",
  "pk": 9,
  "fields": {
    "yard": 5,
    "auto_number": "A343SYY3",
    "created_at": "2025-10-26T10:47:11.906Z"
  }
},
{
  "model": "yard_control.outhistory",
  "pk": 10,
  "fields": {
    "yard": 5,
    "auto_number": "A343SYY3",
    "created_at": "2025-10-26T10:47:50.734Z"
  }
},
{
  "model": "yard_control.outhistory",
  "pk": 11,
  "fields": {
    "yard": 3,
    "auto_number": "Q666WE777",
    "created_at": "2025-10-26T11:40:47.375Z"
  }
},
{
  "model": "yard_control.outhistory",
  "pk": 12,
  "fields": {
    "yard": 3,
    "auto_number": "Q666WE777",
    "created_at": "2025-10-31T09:00:00Z"
  }
}
]
